,id,activity_date,total_steps,total_distance,tracker_distance,very_active_distance,moderately_active_distance,light_active_distance,very_active_minutes,fairly_active_minutes,lightly_active_minutes,calories
0,1503960366,2016-04-12,13162,8500,8500,1880,550,6060,25,13,328,1985
1,1503960366,2016-04-13,10735,6970,6970,1570,690,4710,21,19,217,1797
2,1503960366,2016-04-14,10460,6740,6740,2440,400,3910,30,11,181,1776
3,1503960366,2016-04-15,9762,6280,6280,2140,1260,2830,29,34,209,1745
4,1503960366,2016-04-16,12669,8160,8160,2710,410,5040,36,10,221,1863
5,1503960366,2016-04-17,9705,6480,6480,3190,780,2510,38,20,164,1728
6,1503960366,2016-04-18,13019,8590,8590,3250,640,4710,42,16,233,1921
7,1503960366,2016-04-19,15506,9880,9880,3530,1320,5030,50,31,264,2035
8,1503960366,2016-04-20,10544,6680,6680,1960,480,4240,28,12,205,1786
9,1503960366,2016-04-21,9819,6340,6340,1340,350,4650,19,8,211,1775
10,1503960366,2016-04-22,12764,8130,8130,4760,1120,2240,66,27,130,1827
11,1503960366,2016-04-23,14371,9040,9040,2810,870,5360,41,21,262,1949
12,1503960366,2016-04-24,10039,6410,6410,2920,210,3280,39,5,238,1788
13,1503960366,2016-04-25,15355,9800,9800,5290,570,3940,73,14,216,2013
14,1503960366,2016-04-26,13755,8790,8790,2330,920,5540,31,23,279,1970
15,1503960366,2016-04-27,18134,12210,12210,6400,410,5410,78,11,243,2159
16,1503960366,2016-04-28,13154,8530,8530,3540,1160,3790,48,28,189,1898
17,1503960366,2016-04-29,11181,7150,7150,1060,500,5580,16,12,243,1837
18,1503960366,2016-04-30,14673,9250,9250,3560,1420,4270,52,34,217,1947
19,1503960366,2016-05-01,10602,6810,6810,2290,1600,2920,33,35,246,1820
20,1503960366,2016-05-02,14727,9710,9710,3210,570,5920,41,15,277,2004
21,1503960366,2016-05-03,15103,9660,9660,3730,1050,4880,50,24,254,1990
22,1503960366,2016-05-04,11100,7150,7150,2460,870,3820,36,22,203,1819
23,1503960366,2016-05-05,14070,8900,8900,2920,1080,4880,45,24,250,1959
24,1503960366,2016-05-06,12159,8030,8030,1970,250,5810,24,6,289,1896
25,1503960366,2016-05-07,11992,7710,7710,2460,2120,3130,37,46,175,1821
26,1503960366,2016-05-08,10060,6580,6580,3530,320,2730,44,8,203,1740
27,1503960366,2016-05-09,12022,7720,7720,3450,530,3740,46,11,206,1819
28,1503960366,2016-05-10,12207,7770,7770,3350,1160,3260,46,31,214,1859
29,1503960366,2016-05-11,12770,8130,8130,2560,1010,4550,36,23,251,1783
30,1503960366,2016-05-12,0,0,0,0,0,0,0,0,0,0
31,1624580081,2016-04-12,8163,5310,5310,0,0,5310,0,0,146,1432
32,1624580081,2016-04-13,7007,4550,4550,0,0,4550,0,0,148,1411
33,1624580081,2016-04-14,9107,5920,5920,0,0,5910,0,0,236,1572
34,1624580081,2016-04-15,1510,980,980,0,0,970,0,0,96,1344
35,1624580081,2016-04-16,5370,3490,3490,0,0,3490,0,0,176,1463
36,1624580081,2016-04-17,6175,4060,4060,1030,1520,1490,15,22,127,1554
37,1624580081,2016-04-18,10536,7410,7410,2150,620,4620,17,7,202,1604
38,1624580081,2016-04-19,2916,1900,1900,0,0,1900,0,0,141,1435
39,1624580081,2016-04-20,4974,3230,3230,0,0,3230,0,0,151,1446
40,1624580081,2016-04-21,6349,4130,4130,0,0,4110,0,0,186,1467
41,1624580081,2016-04-22,4026,2620,2620,0,0,2600,0,0,199,1470
42,1624580081,2016-04-23,8538,5550,5550,0,0,5540,0,0,227,1562
43,1624580081,2016-04-24,6076,3950,3950,1150,910,1890,16,18,185,1617
44,1624580081,2016-04-25,6497,4220,4220,0,0,4200,0,0,202,1492
45,1624580081,2016-04-26,2826,1840,1840,0,0,1830,0,0,140,1402
46,1624580081,2016-04-27,8367,5440,5440,1110,1870,2460,17,36,154,1670
47,1624580081,2016-04-28,2759,1790,1790,0,200,1600,0,5,115,1401
48,1624580081,2016-04-29,2390,1550,1550,0,0,1550,0,0,150,1404
49,1624580081,2016-04-30,6474,4300,4300,900,1280,2120,11,23,224,1655
50,1624580081,2016-05-01,36019,28030,28030,21920,4190,1910,186,63,171,2690
51,1624580081,2016-05-02,7155,4930,4930,860,590,3470,7,6,166,1497
52,1624580081,2016-05-03,2100,1370,1370,0,0,1340,0,0,96,1334
53,1624580081,2016-05-04,2193,1430,1430,0,0,1420,0,0,118,1368
54,1624580081,2016-05-05,2470,1610,1610,0,0,1580,0,0,117,1370
55,1624580081,2016-05-06,1727,1120,1120,0,0,1120,0,0,102,1341
56,1624580081,2016-05-07,2104,1370,1370,0,0,1370,0,0,182,1474
57,1624580081,2016-05-08,3427,2230,2230,0,0,2220,0,0,152,1427
58,1624580081,2016-05-09,1732,1130,1130,0,0,1130,0,0,91,1328
59,1624580081,2016-05-10,2969,1930,1930,0,0,1920,0,0,139,1393
60,1624580081,2016-05-11,3134,2040,2040,0,0,2040,0,0,112,1359
61,1624580081,2016-05-12,2971,1930,1930,0,0,1920,0,0,107,1002
62,1644430081,2016-04-12,10694,7770,7770,140,2300,5330,2,51,256,3199
63,1644430081,2016-04-13,8001,5820,5820,2280,900,2640,30,16,135,2902
64,1644430081,2016-04-14,11037,8020,8020,360,2560,5100,5,58,252,3226
65,1644430081,2016-04-15,5263,3830,3830,220,150,3450,3,4,170,2750
66,1644430081,2016-04-16,15300,11120,11120,4100,1880,5090,51,42,212,3493
67,1644430081,2016-04-17,8757,6370,6370,2250,570,3550,29,13,186,3011
68,1644430081,2016-04-18,7132,5190,5190,1070,1670,2450,15,33,121,2806
69,1644430081,2016-04-19,11256,8180,8180,360,2530,5300,5,58,278,3300
70,1644430081,2016-04-20,2436,1770,1770,0,0,1760,0,0,125,2430
71,1644430081,2016-04-21,1223,890,890,0,0,880,0,0,38,2140
72,1644430081,2016-04-22,3673,2670,2670,0,0,2660,0,0,86,2344
73,1644430081,2016-04-23,6637,4830,4830,0,580,4250,0,15,160,2677
74,1644430081,2016-04-24,3321,2410,2410,0,0,2410,0,0,89,2413
75,1644430081,2016-04-25,3580,2600,2600,590,60,1950,8,1,94,2497
76,1644430081,2016-04-26,9919,7210,7210,800,1720,4690,11,41,223,3123
77,1644430081,2016-04-27,3032,2200,2200,0,0,2200,0,0,118,2489
78,1644430081,2016-04-28,9405,6840,6840,200,2320,4310,3,53,227,3108
79,1644430081,2016-04-29,3176,2310,2310,0,0,2310,0,0,120,2498
80,1644430081,2016-04-30,18213,13240,13240,630,3140,9460,9,71,402,3846
81,1644430081,2016-05-01,6132,4460,4460,240,990,3230,3,24,146,2696
82,1644430081,2016-05-02,3758,2730,2730,70,310,2350,1,7,148,2580
83,1644430081,2016-05-03,12850,9340,9340,720,4090,4540,10,94,221,3324
84,1644430081,2016-05-04,2309,1680,1680,0,0,1660,0,0,52,2222
85,1644430081,2016-05-05,4363,3190,3190,520,540,2130,6,12,81,2463
86,1644430081,2016-05-06,9787,7120,7120,820,270,6010,11,6,369,3328
87,1644430081,2016-05-07,13372,9720,9720,3260,790,5670,41,17,243,3404
88,1644430081,2016-05-08,6724,4890,4890,0,0,4880,0,0,295,2987
89,1644430081,2016-05-09,6643,4830,4830,2390,350,2090,32,6,303,3008
90,1644430081,2016-05-10,9167,6660,6660,880,810,4970,12,19,155,2799
91,1644430081,2016-05-11,1329,970,970,0,0,950,0,0,49,1276
92,1844505072,2016-04-12,6697,4430,4430,0,0,4430,0,0,339,2030
93,1844505072,2016-04-13,4929,3260,3260,0,0,3260,0,0,248,1860
94,1844505072,2016-04-14,7937,5250,5250,0,0,5230,0,0,373,2130
95,1844505072,2016-04-15,3844,2540,2540,0,0,2540,0,0,176,1725
96,1844505072,2016-04-16,3414,2260,2260,0,0,2260,0,0,147,1657
97,1844505072,2016-04-17,4525,2990,2990,140,260,2590,2,8,199,1793
98,1844505072,2016-04-18,4597,3040,3040,0,480,2560,0,12,217,1814
99,1844505072,2016-04-19,197,130,130,0,0,130,0,0,10,1366
100,1844505072,2016-04-20,8,10,10,0,0,10,0,0,1,1349
101,1844505072,2016-04-21,8054,5320,5320,120,520,4680,2,13,308,2062
102,1844505072,2016-04-22,5372,3550,3550,0,0,3550,0,0,220,1827
103,1844505072,2016-04-23,3570,2360,2360,0,0,2360,0,0,139,1645
104,1844505072,2016-04-24,0,0,0,0,0,0,0,0,0,1347
105,1844505072,2016-04-25,0,0,0,0,0,0,0,0,0,1347
106,1844505072,2016-04-26,0,0,0,0,0,0,0,0,0,1347
107,1844505072,2016-04-27,4,0,0,0,0,0,0,0,1,1348
108,1844505072,2016-04-28,6907,4570,4570,0,0,4560,0,0,302,1992
109,1844505072,2016-04-29,4920,3250,3250,0,0,3250,0,0,247,1856
110,1844505072,2016-04-30,4014,2670,2670,0,0,2650,0,0,184,1763
111,1844505072,2016-05-01,2573,1700,1700,0,260,1450,0,7,75,1541
112,1844505072,2016-05-02,0,0,0,0,0,0,0,0,0,1348
113,1844505072,2016-05-03,4059,2680,2680,0,0,2680,0,0,184,1742
114,1844505072,2016-05-04,2080,1370,1370,0,0,1370,0,0,87,1549
115,1844505072,2016-05-05,2237,1480,1480,0,0,1480,0,0,120,1589
116,1844505072,2016-05-06,44,30,30,0,0,30,0,0,2,1351
117,1844505072,2016-05-07,0,0,0,0,0,0,0,0,0,1347
118,1844505072,2016-05-08,0,0,0,0,0,0,0,0,0,1347
119,1844505072,2016-05-09,0,0,0,0,0,0,0,0,0,1347
120,1844505072,2016-05-10,0,0,0,0,0,0,0,0,0,1347
121,1844505072,2016-05-11,0,0,0,0,0,0,0,0,0,1347
122,1844505072,2016-05-12,0,0,0,0,0,0,0,0,0,665
123,1927972279,2016-04-12,678,470,470,0,0,470,0,0,55,2220
124,1927972279,2016-04-13,356,250,250,0,0,250,0,0,32,2151
125,1927972279,2016-04-14,2163,1500,1500,0,400,1100,0,9,88,2383
126,1927972279,2016-04-15,980,680,680,0,0,680,0,0,51,2221
127,1927972279,2016-04-16,0,0,0,0,0,0,0,0,0,2064
128,1927972279,2016-04-17,0,0,0,0,0,0,0,0,0,2063
129,1927972279,2016-04-18,244,170,170,0,0,170,0,0,17,2111
130,1927972279,2016-04-19,0,0,0,0,0,0,0,0,0,2063
131,1927972279,2016-04-20,0,0,0,0,0,0,0,0,0,2063
132,1927972279,2016-04-21,0,0,0,0,0,0,0,0,0,2064
133,1927972279,2016-04-22,149,100,100,0,0,100,0,0,10,2093
134,1927972279,2016-04-23,2945,2040,2040,0,0,2040,0,0,145,2499
135,1927972279,2016-04-24,2090,1450,1450,70,240,1140,1,6,75,2324
136,1927972279,2016-04-25,152,110,110,0,0,110,0,0,12,2100
137,1927972279,2016-04-26,3761,2600,2600,0,0,2600,0,0,192,2638
138,1927972279,2016-04-27,0,0,0,0,0,0,0,0,0,2063
139,1927972279,2016-04-28,1675,1160,1160,0,0,1160,0,0,95,2351
140,1927972279,2016-04-29,0,0,0,0,0,0,0,0,0,2063
141,1927972279,2016-04-30,0,0,0,0,0,0,0,0,0,2064
142,1927972279,2016-05-01,2704,1870,1870,1010,30,830,14,1,70,2411
143,1927972279,2016-05-02,3790,2620,2620,1160,300,1160,16,8,94,2505
144,1927972279,2016-05-03,1326,920,920,730,0,180,10,0,17,2195
145,1927972279,2016-05-04,1786,1240,1240,0,0,1240,0,0,87,2338
146,1927972279,2016-05-05,0,0,0,0,0,0,0,0,0,2063
147,1927972279,2016-05-06,2091,1450,1450,0,0,1450,0,0,108,2383
148,1927972279,2016-05-07,1510,1040,1040,0,0,1040,0,0,48,2229
149,1927972279,2016-05-08,0,0,0,0,0,0,0,0,0,2063
150,1927972279,2016-05-09,0,0,0,0,0,0,0,0,0,2063
151,1927972279,2016-05-10,0,0,0,0,0,0,0,0,0,2063
152,1927972279,2016-05-11,0,0,0,0,0,0,0,0,0,2063
153,1927972279,2016-05-12,0,0,0,0,0,0,0,0,0,1383
154,2022484408,2016-04-12,11875,8340,8340,3310,770,4260,42,14,227,2390
155,2022484408,2016-04-13,12024,8500,8500,2990,100,5410,43,5,292,2601
156,2022484408,2016-04-14,10690,7500,7500,2480,210,4820,32,3,257,2312
157,2022484408,2016-04-15,11034,8030,8030,1940,310,5780,27,9,282,2525
158,2022484408,2016-04-16,10100,7090,7090,3150,550,3390,41,11,151,2177
159,2022484408,2016-04-17,15112,11400,11400,3870,660,6880,28,29,331,2782
160,2022484408,2016-04-18,14131,10070,10070,3640,120,6300,48,3,311,2770
161,2022484408,2016-04-19,11548,8530,8530,3290,240,5000,31,7,250,2489
162,2022484408,2016-04-20,15112,10670,10670,3340,1930,5400,48,63,276,2897
163,2022484408,2016-04-21,12453,8740,8740,3330,1110,4310,104,53,255,3158
164,2022484408,2016-04-22,12954,9330,9330,4430,420,4470,52,10,273,2638
165,2022484408,2016-04-23,6001,4210,4210,0,0,4210,0,0,249,2069
166,2022484408,2016-04-24,13481,10280,10280,4550,1150,4580,37,26,216,2529
167,2022484408,2016-04-25,11369,8010,8010,3330,220,4460,44,8,217,2470
168,2022484408,2016-04-26,10119,7190,7190,1430,660,5110,55,24,275,2793
169,2022484408,2016-04-27,10159,7130,7130,1040,970,5120,19,20,282,2463
170,2022484408,2016-04-28,10140,7120,7120,410,1330,5390,6,20,291,2296
171,2022484408,2016-04-29,10245,7190,7190,480,1210,5500,21,40,281,2611
172,2022484408,2016-04-30,18387,12910,12910,940,1400,10570,13,23,361,2732
173,2022484408,2016-05-01,10538,7400,7400,1940,960,4500,25,28,245,2380
174,2022484408,2016-05-02,10379,7290,7290,2610,340,4330,36,8,277,2473
175,2022484408,2016-05-03,12183,8740,8740,3990,460,4280,72,14,250,2752
176,2022484408,2016-05-04,11768,8290,8290,2510,930,4850,36,27,272,2649
177,2022484408,2016-05-05,11895,8350,8350,2790,860,4700,55,20,253,2609
178,2022484408,2016-05-06,10227,7180,7180,1870,670,4640,24,17,295,2498
179,2022484408,2016-05-07,6708,4710,4710,1610,80,3020,20,2,149,1995
180,2022484408,2016-05-08,3292,2310,2310,0,0,2310,0,0,135,1848
181,2022484408,2016-05-09,13379,9390,9390,2120,1630,5640,35,47,297,2709
182,2022484408,2016-05-10,12798,8980,8980,2220,1210,5560,57,28,271,2797
183,2022484408,2016-05-11,13272,9320,9320,4180,1150,3990,58,25,224,2544
184,2022484408,2016-05-12,9117,6410,6410,1280,670,4440,16,16,236,1853
185,2026352035,2016-04-12,4414,2740,2740,190,350,2200,3,8,181,1459
186,2026352035,2016-04-13,4993,3100,3100,0,0,3100,0,0,238,1521
187,2026352035,2016-04-14,3335,2070,2070,0,0,2050,0,0,197,1431
188,2026352035,2016-04-15,3821,2370,2370,0,0,2370,0,0,188,1444
189,2026352035,2016-04-16,2547,1580,1580,0,0,1580,0,0,150,1373
190,2026352035,2016-04-17,838,520,520,0,0,520,0,0,60,1214
191,2026352035,2016-04-18,3325,2060,2060,0,0,2060,0,0,182,1419
192,2026352035,2016-04-19,2424,1500,1500,0,0,1500,0,0,141,1356
193,2026352035,2016-04-20,7222,4480,4480,0,0,4480,0,0,327,1667
194,2026352035,2016-04-21,2467,1530,1530,0,0,1530,0,0,153,1370
195,2026352035,2016-04-22,2915,1810,1810,0,0,1810,0,0,162,1399
196,2026352035,2016-04-23,12357,7710,7710,0,0,7710,0,0,432,1916
197,2026352035,2016-04-24,3490,2160,2160,0,0,2160,0,0,164,1401
198,2026352035,2016-04-25,6017,3730,3730,0,0,3730,0,0,260,1576
199,2026352035,2016-04-26,5933,3680,3680,0,0,3680,0,0,288,1595
200,2026352035,2016-04-27,6088,3770,3770,0,0,3770,0,0,286,1593
201,2026352035,2016-04-28,6375,3950,3950,0,0,3950,0,0,331,1649
202,2026352035,2016-04-29,7604,4710,4710,0,0,4710,0,0,352,1692
203,2026352035,2016-04-30,4729,2930,2930,0,0,2930,0,0,233,1506
204,2026352035,2016-05-01,3609,2280,2280,0,0,2280,0,0,191,1447
205,2026352035,2016-05-02,7018,4350,4350,0,0,4350,0,0,355,1690
206,2026352035,2016-05-03,5992,3720,3720,0,0,3720,0,0,304,1604
207,2026352035,2016-05-04,6564,4070,4070,0,0,4070,0,0,345,1658
208,2026352035,2016-05-05,12167,7540,7540,0,0,7540,0,0,475,1926
209,2026352035,2016-05-06,8198,5080,5080,0,0,5080,0,0,383,1736
210,2026352035,2016-05-07,4193,2600,2600,0,0,2600,0,0,229,1491
211,2026352035,2016-05-08,5528,3450,3450,0,0,3450,0,0,258,1555
212,2026352035,2016-05-09,10685,6620,6620,0,0,6600,0,0,401,1869
213,2026352035,2016-05-10,254,160,160,0,0,160,0,0,17,1141
214,2026352035,2016-05-11,8580,5320,5320,0,0,5320,0,0,330,1698
215,2026352035,2016-05-12,8891,5510,5510,0,0,5510,0,0,343,1364
216,2320127002,2016-04-12,10725,7490,7490,1170,310,6010,13,9,306,2124
217,2320127002,2016-04-13,7275,4900,4900,0,0,4900,0,0,335,2003
218,2320127002,2016-04-14,3973,2680,2680,0,0,2680,0,0,191,1696
219,2320127002,2016-04-15,5205,3510,3510,0,0,3510,0,0,245,1801
220,2320127002,2016-04-16,5057,3410,3410,0,0,3400,0,0,195,1724
221,2320127002,2016-04-17,6198,4180,4180,0,0,4180,0,0,249,1852
222,2320127002,2016-04-18,6559,4420,4420,0,260,4140,0,7,260,1905
223,2320127002,2016-04-19,5997,4040,4040,0,380,3660,0,11,228,1811
224,2320127002,2016-04-20,7192,4850,4850,0,490,4340,0,11,283,1922
225,2320127002,2016-04-21,3404,2290,2290,60,420,1810,1,10,127,1610
226,2320127002,2016-04-22,5583,3760,3760,0,0,3760,0,0,266,1851
227,2320127002,2016-04-23,5079,3420,3420,0,0,3420,0,0,242,1804
228,2320127002,2016-04-24,4165,2810,2810,0,0,2800,0,0,204,1725
229,2320127002,2016-04-25,3588,2420,2420,230,200,1990,3,5,152,1654
230,2320127002,2016-04-26,3409,2300,2300,0,0,2300,0,0,147,1632
231,2320127002,2016-04-27,1715,1160,1160,0,0,1160,0,0,82,1481
232,2320127002,2016-04-28,1532,1030,1030,0,0,1030,0,0,76,1473
233,2320127002,2016-04-29,924,620,620,0,0,620,0,0,45,1410
234,2320127002,2016-04-30,4571,3080,3080,0,0,3070,0,0,234,1779
235,2320127002,2016-05-01,772,520,520,0,0,520,0,0,40,1403
236,2320127002,2016-05-02,3634,2450,2450,360,210,1880,5,6,123,1613
237,2320127002,2016-05-03,7443,5020,5020,1490,370,3160,20,10,206,1878
238,2320127002,2016-05-04,1201,810,810,0,0,810,0,0,52,1426
239,2320127002,2016-05-05,5202,3510,3510,0,390,3110,0,11,223,1780
240,2320127002,2016-05-06,4878,3290,3290,0,0,3290,0,0,204,1742
241,2320127002,2016-05-07,7379,4970,4970,0,0,4970,0,0,319,1972
242,2320127002,2016-05-08,5161,3480,3480,0,0,3470,0,0,247,1821
243,2320127002,2016-05-09,3090,2080,2080,0,0,2080,0,0,145,1630
244,2320127002,2016-05-10,6227,4200,4200,0,0,4200,0,0,290,1899
245,2320127002,2016-05-11,6424,4330,4330,0,0,4330,0,0,300,1903
246,2320127002,2016-05-12,2661,1790,1790,0,0,1790,0,0,128,1125
247,2347167796,2016-04-12,10113,6830,6830,2000,620,4200,28,13,320,2344
248,2347167796,2016-04-13,10352,7010,7010,1660,1940,3410,19,32,195,2038
249,2347167796,2016-04-14,10129,6700,6700,20,2740,3940,1,48,206,2010
250,2347167796,2016-04-15,10465,6920,6920,70,1420,5430,1,24,284,2133
251,2347167796,2016-04-16,22244,15080,15080,5450,4100,5530,66,72,268,2670
252,2347167796,2016-04-17,5472,3620,3620,80,280,3260,1,7,249,1882
253,2347167796,2016-04-18,8247,5450,5450,790,860,3790,11,16,206,1944
254,2347167796,2016-04-19,6711,4440,4440,0,0,4440,0,7,382,2346
255,2347167796,2016-04-20,10999,7270,7270,680,1810,4780,11,43,269,2198
256,2347167796,2016-04-21,10080,6750,6750,1850,1530,3380,23,26,208,2048
257,2347167796,2016-04-22,7804,5160,5160,560,1680,2920,9,27,206,1946
258,2347167796,2016-04-23,16901,11370,11370,2780,1450,7150,32,35,360,2629
259,2347167796,2016-04-24,9471,6260,6260,0,0,6260,0,0,360,2187
260,2347167796,2016-04-25,9482,6380,6380,1270,520,4600,15,11,277,2095
261,2347167796,2016-04-26,5980,3950,3950,0,0,3950,0,0,227,1861
262,2347167796,2016-04-27,11423,7580,7580,1860,400,5320,26,9,295,2194
263,2347167796,2016-04-28,5439,3600,3600,0,0,3600,0,0,229,1854
264,2347167796,2016-04-29,42,30,30,0,0,30,0,0,4,403
265,2873212765,2016-04-12,8796,5910,5910,110,930,4880,2,21,356,1982
266,2873212765,2016-04-13,7618,5120,5120,0,220,4880,0,8,404,2004
267,2873212765,2016-04-14,7910,5320,5320,0,0,5320,0,0,331,1893
268,2873212765,2016-04-15,8482,5700,5700,0,0,5690,0,0,448,2063
269,2873212765,2016-04-16,9685,6650,6650,3110,20,3510,47,1,305,2148
270,2873212765,2016-04-17,2524,1700,1700,0,350,1340,0,8,160,1529
271,2873212765,2016-04-18,7762,5240,5240,70,280,4890,1,6,311,1890
272,2873212765,2016-04-19,7948,5370,5370,0,0,5360,0,0,389,1956
273,2873212765,2016-04-20,9202,6300,6300,1510,120,4660,22,5,378,2094
274,2873212765,2016-04-21,8859,5980,5980,130,370,5470,2,10,371,1970
275,2873212765,2016-04-22,7286,4900,4900,460,0,4420,46,0,366,2241
276,2873212765,2016-04-23,9317,6350,6350,2090,230,4020,28,5,330,2021
277,2873212765,2016-04-24,6873,4680,4680,3000,60,1620,46,1,190,1898
278,2873212765,2016-04-25,7373,4950,4950,0,0,4950,0,0,359,1907
279,2873212765,2016-04-26,8242,5540,5540,120,180,5240,2,5,309,1882
280,2873212765,2016-04-27,3516,2360,2360,0,0,2360,46,0,197,1966
281,2873212765,2016-04-28,7913,5410,5410,2160,340,2910,28,7,213,1835
282,2873212765,2016-04-29,7365,4950,4950,1360,1410,2180,20,23,206,1780
283,2873212765,2016-04-30,8452,5680,5680,330,1080,4260,5,20,248,1830
284,2873212765,2016-05-01,7399,4970,4970,490,1040,3440,7,18,196,1739
285,2873212765,2016-05-02,7525,5060,5060,0,210,4830,0,7,334,1878
286,2873212765,2016-05-03,7412,4980,4980,60,250,4660,1,6,363,1906
287,2873212765,2016-05-04,8278,5560,5560,0,0,5560,0,0,420,2015
288,2873212765,2016-05-05,8314,5610,5610,780,800,4030,13,23,311,1971
289,2873212765,2016-05-06,7063,4750,4750,0,120,4610,0,5,370,1910
290,2873212765,2016-05-07,4940,3380,3380,2280,550,550,75,11,52,1897
291,2873212765,2016-05-08,8168,5540,5540,2900,0,2640,46,0,326,2096
292,2873212765,2016-05-09,7726,5190,5190,0,0,5190,0,0,345,1906
293,2873212765,2016-05-10,8275,5560,5560,0,0,5550,0,0,373,1962
294,2873212765,2016-05-11,6440,4330,4330,0,0,4320,0,0,319,1826
295,2873212765,2016-05-12,7566,5110,5110,0,0,5110,0,0,268,1431
296,3372868164,2016-04-12,4747,3240,3240,0,0,3230,0,0,280,1788
297,3372868164,2016-04-13,9715,6630,6630,990,340,5270,16,8,371,2093
298,3372868164,2016-04-14,8844,6030,6030,340,1030,4650,6,25,370,2065
299,3372868164,2016-04-15,7451,5080,5080,0,0,5060,0,0,335,1908
300,3372868164,2016-04-16,6905,4730,4730,0,0,4700,0,0,356,1908
301,3372868164,2016-04-17,8199,5880,5880,1410,100,4360,11,2,322,1964
302,3372868164,2016-04-18,6798,4640,4640,1080,200,3350,20,7,343,2014
303,3372868164,2016-04-19,7711,5260,5260,0,0,5240,0,0,376,1985
304,3372868164,2016-04-20,4880,3330,3330,840,90,2380,15,3,274,1867
305,3372868164,2016-04-21,8857,6070,6070,1150,260,4640,18,9,376,2124
306,3372868164,2016-04-22,3843,2620,2620,0,0,2610,0,0,206,1669
307,3372868164,2016-04-23,7396,5070,5070,1400,80,3580,20,2,303,1995
308,3372868164,2016-04-24,6731,4590,4590,890,190,3490,14,7,292,1921
309,3372868164,2016-04-25,5995,4090,4090,0,0,4090,0,0,416,2010
310,3372868164,2016-04-26,8283,5790,5790,1850,50,3870,22,2,333,2057
311,3372868164,2016-04-27,7904,5420,5420,1580,630,3190,24,13,346,2095
312,3372868164,2016-04-28,5512,3760,3760,0,0,3760,0,0,385,1972
313,3372868164,2016-04-29,9135,6230,6230,0,0,6220,0,0,402,2044
314,3372868164,2016-04-30,5250,3580,3580,1060,90,2420,17,4,300,1946
315,3372868164,2016-05-01,3077,2100,2100,0,0,2090,0,0,172,1237
316,3977333714,2016-04-12,8856,5980,5980,3060,910,2010,44,19,131,1450
317,3977333714,2016-04-13,10035,6710,6710,2030,2130,2550,31,46,153,1495
318,3977333714,2016-04-14,7641,5110,5110,320,970,3820,5,23,214,1433
319,3977333714,2016-04-15,9010,6060,6060,1050,1750,3260,15,42,183,1468
320,3977333714,2016-04-16,13459,9000,9000,2030,4000,2970,31,83,153,1625
321,3977333714,2016-04-17,10415,6970,6970,700,2350,3920,11,58,205,1529
322,3977333714,2016-04-18,11663,7800,7800,250,3730,3820,4,95,214,1584
323,3977333714,2016-04-19,12414,8780,8780,2240,2450,3960,19,67,221,1638
324,3977333714,2016-04-20,11658,7830,7830,200,4350,3280,2,98,164,1554
325,3977333714,2016-04-21,6093,4080,4080,0,0,4060,0,0,242,1397
326,3977333714,2016-04-22,8911,5960,5960,2330,580,3060,33,12,188,1481
327,3977333714,2016-04-23,12058,8070,8070,0,4220,3850,0,92,252,1638
328,3977333714,2016-04-24,14112,10000,10000,3270,4560,2170,30,95,129,1655
329,3977333714,2016-04-25,11177,8480,8480,5620,430,2410,50,9,133,1570
330,3977333714,2016-04-26,11388,7620,7620,450,4220,2950,7,95,170,1551
331,3977333714,2016-04-27,7193,5040,5040,0,420,4620,0,10,176,1377
332,3977333714,2016-04-28,7114,4880,4880,1370,290,3220,15,8,190,1407
333,3977333714,2016-04-29,10645,7750,7750,3740,1300,2710,36,32,150,1545
334,3977333714,2016-04-30,13238,9200,9200,3690,2100,3410,43,52,194,1650
335,3977333714,2016-05-01,10414,7070,7070,2670,1980,2410,41,40,124,1501
336,3977333714,2016-05-02,16520,11050,11050,1540,6480,3020,24,143,176,1760
337,3977333714,2016-05-03,14335,9590,9590,3320,1740,4530,47,41,258,1710
338,3977333714,2016-05-04,13559,9440,9440,1810,4580,2890,14,96,142,1628
339,3977333714,2016-05-05,12312,8580,8580,1760,4110,2710,14,88,178,1618
340,3977333714,2016-05-06,11677,8280,8280,3110,2510,2670,29,55,168,1590
341,3977333714,2016-05-07,11550,7730,7730,0,4130,3590,0,86,208,1574
342,3977333714,2016-05-08,13585,9090,9090,680,5240,3170,9,116,171,1633
343,3977333714,2016-05-09,14687,10080,10080,770,5600,3550,8,122,151,1667
344,3977333714,2016-05-10,13072,8780,8780,70,5400,3310,1,115,196,1630
345,3977333714,2016-05-11,746,500,500,370,0,130,4,0,9,52
346,4020332650,2016-04-12,8539,6120,6120,150,240,5680,4,15,331,3654
347,4020332650,2016-04-13,0,0,0,0,0,0,0,0,0,1981
348,4020332650,2016-04-14,108,80,80,0,0,30,0,0,3,2011
349,4020332650,2016-04-15,1882,1350,1350,210,360,770,36,18,87,2951
350,4020332650,2016-04-16,1982,1420,1420,450,370,590,65,21,55,3051
351,4020332650,2016-04-17,16,10,10,0,0,10,0,0,2,1990
352,4020332650,2016-04-18,62,40,40,0,0,40,0,0,2,1995
353,4020332650,2016-04-19,0,0,0,0,0,0,0,0,0,1980
354,4020332650,2016-04-20,0,0,0,0,0,0,0,0,0,1980
355,4020332650,2016-04-21,0,0,0,0,0,0,0,0,0,1980
356,4020332650,2016-04-22,0,0,0,0,0,0,0,0,0,1980
357,4020332650,2016-04-23,0,0,0,0,0,0,0,0,0,1980
358,4020332650,2016-04-24,0,0,0,0,0,0,0,0,0,1980
359,4020332650,2016-04-25,0,0,0,0,0,0,0,0,0,1980
360,4020332650,2016-04-26,0,0,0,0,0,0,0,0,0,1980
361,4020332650,2016-04-27,0,0,0,0,0,0,0,0,0,1980
362,4020332650,2016-04-28,0,0,0,0,0,0,0,0,0,1980
363,4020332650,2016-04-29,0,0,0,0,0,0,0,0,0,1980
364,4020332650,2016-04-30,0,0,0,0,0,0,0,0,0,1980
365,4020332650,2016-05-01,0,0,0,0,0,0,0,0,0,1980
366,4020332650,2016-05-02,475,340,340,0,40,290,0,11,31,2207
367,4020332650,2016-05-03,4496,3220,3220,0,0,3150,0,0,174,2828
368,4020332650,2016-05-04,10252,7350,7350,670,1040,5580,13,46,346,3879
369,4020332650,2016-05-05,11728,8430,8430,2620,1680,4040,38,42,196,3429
370,4020332650,2016-05-06,4369,3130,3130,0,0,3100,0,0,177,2704
371,4020332650,2016-05-07,6132,4400,4400,0,0,3580,0,0,184,2975
372,4020332650,2016-05-08,5862,4200,4200,0,0,4150,0,0,263,3089
373,4020332650,2016-05-09,4556,3270,3270,200,120,2940,3,5,173,2785
374,4020332650,2016-05-10,5546,3980,3980,0,0,3870,0,0,206,2926
375,4020332650,2016-05-11,3689,2650,2650,110,170,2330,2,8,134,2645
376,4020332650,2016-05-12,590,420,420,0,0,410,0,0,21,1120
377,4057192912,2016-04-12,5394,4030,4030,0,0,3940,0,0,164,2286
378,4057192912,2016-04-13,5974,4470,4470,0,0,4370,0,0,160,2306
379,4057192912,2016-04-14,0,0,0,0,0,0,0,0,0,1776
380,4057192912,2016-04-15,3984,2950,2950,210,260,2440,3,6,88,1527
381,4319703577,2016-04-12,7753,5200,5200,0,0,0,0,0,0,2115
382,4319703577,2016-04-13,8204,5500,5500,530,590,1310,8,15,96,2135
383,4319703577,2016-04-14,10210,6880,6880,110,330,6440,1,9,339,2302
384,4319703577,2016-04-15,5664,3800,3800,0,0,3800,0,0,228,1985
385,4319703577,2016-04-16,4744,3180,3180,0,0,3180,0,0,194,1884
386,4319703577,2016-04-17,29,20,20,0,0,20,0,0,3,1464
387,4319703577,2016-04-18,2276,1550,1550,70,330,1120,1,9,58,1632
388,4319703577,2016-04-19,8925,5990,5990,0,0,5990,0,0,311,2200
389,4319703577,2016-04-20,8954,6010,6010,0,680,5310,0,18,306,2220
390,4319703577,2016-04-21,3702,2480,2480,0,0,350,0,0,34,1792
391,4319703577,2016-04-22,4500,3020,3020,60,810,2150,1,19,176,1886
392,4319703577,2016-04-23,4935,3310,3310,0,0,3310,0,0,233,1945
393,4319703577,2016-04-24,4081,2740,2740,60,200,2470,1,5,191,1880
394,4319703577,2016-04-25,9259,6210,6210,0,280,5930,0,8,390,2314
395,4319703577,2016-04-26,9899,6640,6640,570,920,5150,8,21,288,2236
396,4319703577,2016-04-27,10780,7230,7230,410,1920,4910,6,47,300,2324
397,4319703577,2016-04-28,10817,7280,7280,1010,330,5940,13,8,359,2367
398,4319703577,2016-04-29,7990,5360,5360,450,790,4120,6,18,289,2175
399,4319703577,2016-04-30,8221,5520,5520,400,1610,3510,6,38,196,2092
400,4319703577,2016-05-01,1251,840,840,0,0,840,0,0,67,1593
401,4319703577,2016-05-02,9261,6240,6240,0,440,5710,0,11,344,2270
402,4319703577,2016-05-03,9648,6470,6470,580,1070,4830,8,26,287,2235
403,4319703577,2016-05-04,10429,7020,7020,590,580,5850,8,13,313,2282
404,4319703577,2016-05-05,13658,9490,9490,2630,1410,5450,27,34,328,2530
405,4319703577,2016-05-06,9524,6420,6420,410,470,5460,6,11,314,2266
406,4319703577,2016-05-07,7937,5330,5330,190,1050,4080,3,28,279,2158
407,4319703577,2016-05-08,3672,2460,2460,0,0,2460,0,0,153,1792
408,4319703577,2016-05-09,10378,6960,6960,140,560,6250,2,14,374,2345
409,4319703577,2016-05-10,9487,6370,6370,210,460,5700,3,12,329,2260
410,4319703577,2016-05-11,9129,6130,6130,200,740,5180,3,18,311,2232
411,4319703577,2016-05-12,17,10,10,0,0,10,0,0,2,257
412,4388161847,2016-04-12,10122,7780,7780,0,0,0,0,0,0,2955
413,4388161847,2016-04-13,10993,8450,8450,60,630,3880,1,14,150,3092
414,4388161847,2016-04-14,8863,6820,6820,130,1070,5620,10,35,219,2998
415,4388161847,2016-04-15,8758,6730,6730,0,0,6730,0,0,299,3066
416,4388161847,2016-04-16,6580,5060,5060,210,400,4450,6,9,253,3073
417,4388161847,2016-04-17,4660,3580,3580,0,0,3580,0,0,201,2572
418,4388161847,2016-04-18,11009,9100,9100,3560,400,5140,27,8,239,3274
419,4388161847,2016-04-19,10181,7830,7830,1370,690,5770,20,16,249,3015
420,4388161847,2016-04-20,10553,8120,8120,1100,1720,5290,19,42,228,3083
421,4388161847,2016-04-21,10055,7730,7730,370,390,6980,7,12,272,3069
422,4388161847,2016-04-22,12139,9340,9340,3300,1110,4920,77,25,220,3544
423,4388161847,2016-04-23,13236,10180,10180,4500,320,5350,58,5,215,3306
424,4388161847,2016-04-24,10243,7880,7880,1080,510,6300,14,8,239,2885
425,4388161847,2016-04-25,12961,9970,9970,730,1400,7840,11,31,301,3288
426,4388161847,2016-04-26,9461,7280,7280,940,1060,5270,14,23,224,2929
427,4388161847,2016-04-27,11193,8610,8610,700,2510,5390,11,48,241,3074
428,4388161847,2016-04-28,10074,7750,7750,1290,430,6030,19,9,234,2969
429,4388161847,2016-04-29,9232,7100,7100,800,890,5420,13,16,236,2979
430,4388161847,2016-04-30,12533,9640,9640,700,2000,6940,14,43,300,3283
431,4388161847,2016-05-01,10255,7890,7890,1010,680,6200,12,15,241,2926
432,4388161847,2016-05-02,10096,8400,8400,3770,80,4550,33,4,204,3147
433,4388161847,2016-05-03,12727,9790,9790,1130,780,7880,18,18,306,3290
434,4388161847,2016-05-04,12375,9520,9520,2790,930,5800,35,21,251,3162
435,4388161847,2016-05-05,9603,7380,7380,630,1670,5090,12,39,199,2899
436,4388161847,2016-05-06,13175,10130,10130,2110,2090,5930,33,45,262,3425
437,4388161847,2016-05-07,22770,17540,17540,9450,2770,5330,120,56,260,4022
438,4388161847,2016-05-08,17298,14380,14380,9890,1260,3230,107,38,178,3934
439,4388161847,2016-05-09,10218,7860,7860,340,730,6790,6,19,258,3013
440,4388161847,2016-05-10,10299,7920,7920,810,650,6460,13,14,267,3061
441,4388161847,2016-05-11,10201,7840,7840,530,790,6530,8,18,256,2954
442,4388161847,2016-05-12,3369,2590,2590,0,0,2590,0,0,108,1623
443,4445114986,2016-04-12,3276,2200,2200,0,0,2200,0,0,196,2113
444,4445114986,2016-04-13,2961,1990,1990,0,0,1990,0,0,194,2095
445,4445114986,2016-04-14,3974,2670,2670,0,0,2670,0,0,231,2194
446,4445114986,2016-04-15,7198,4830,4830,0,0,4830,0,0,350,2496
447,4445114986,2016-04-16,3945,2650,2650,0,0,2650,0,0,225,2180
448,4445114986,2016-04-17,2268,1520,1520,0,0,1520,0,0,114,1933
449,4445114986,2016-04-18,6155,4240,4240,2000,290,1950,25,6,162,2248
450,4445114986,2016-04-19,2064,1390,1390,0,0,1390,0,0,121,1954
451,4445114986,2016-04-20,2072,1390,1390,0,0,1390,0,0,137,1974
452,4445114986,2016-04-21,3809,2560,2560,0,0,2540,0,0,215,2150
453,4445114986,2016-04-22,6831,4580,4580,0,0,4580,0,0,317,2432
454,4445114986,2016-04-23,4363,2930,2930,0,0,2930,0,0,201,2149
455,4445114986,2016-04-24,5002,3360,3360,0,0,3360,0,0,244,2247
456,4445114986,2016-04-25,3385,2270,2270,0,0,2270,0,0,179,2070
457,4445114986,2016-04-26,6326,4410,4410,2410,40,1960,29,1,180,2291
458,4445114986,2016-04-27,7243,5030,5030,2620,30,2380,32,1,194,2361
459,4445114986,2016-04-28,4493,3010,3010,0,0,3010,0,0,236,2203
460,4445114986,2016-04-29,4676,3140,3140,0,0,3130,0,0,226,2196
461,4445114986,2016-04-30,6222,4180,4180,0,0,4180,0,0,290,2363
462,4445114986,2016-05-01,5232,3510,3510,0,0,3510,0,0,240,2246
463,4445114986,2016-05-02,6910,4750,4750,2210,190,2350,27,4,200,2336
464,4445114986,2016-05-03,7502,5180,5180,2480,110,2580,30,2,233,2421
465,4445114986,2016-05-04,2923,1960,1960,0,0,1960,0,0,180,2070
466,4445114986,2016-05-05,3800,2550,2550,120,240,2180,2,6,185,2120
467,4445114986,2016-05-06,4514,3030,3030,0,0,3030,0,0,229,2211
468,4445114986,2016-05-07,5183,3590,3590,2130,190,1250,26,4,108,2123
469,4445114986,2016-05-08,7303,4900,4900,0,250,4650,0,8,308,2423
470,4445114986,2016-05-09,5275,3540,3540,0,0,3540,0,0,266,2281
471,4445114986,2016-05-10,3915,2630,2630,0,0,2630,0,0,231,2181
472,4445114986,2016-05-11,9105,6110,6110,2250,1000,2860,34,22,232,2499
473,4445114986,2016-05-12,768,520,520,0,0,520,0,0,58,1212
474,4558609924,2016-04-12,5135,3390,3390,0,0,3390,0,0,318,1909
475,4558609924,2016-04-13,4978,3290,3290,1240,440,1610,19,7,127,1722
476,4558609924,2016-04-14,6799,4490,4490,0,0,4490,0,0,279,1922
477,4558609924,2016-04-15,7795,5150,5150,590,840,3730,17,30,262,2121
478,4558609924,2016-04-16,7289,4820,4820,550,750,3500,8,12,308,1997
479,4558609924,2016-04-17,9634,6400,6400,550,1140,4710,7,19,304,2117
480,4558609924,2016-04-18,8940,5910,5910,980,930,4000,14,15,331,2116
481,4558609924,2016-04-19,5401,3570,3570,50,360,3160,1,9,248,1876
482,4558609924,2016-04-20,4803,3170,3170,0,0,3170,0,0,222,1788
483,4558609924,2016-04-21,13743,9080,9080,420,970,7700,6,21,432,2486
484,4558609924,2016-04-22,9601,6350,6350,1370,1500,3470,20,25,273,2094
485,4558609924,2016-04-23,6890,4550,4550,340,200,4010,5,5,308,2085
486,4558609924,2016-04-24,8563,5660,5660,0,0,5650,0,0,395,2173
487,4558609924,2016-04-25,8095,5350,5350,590,250,4510,18,10,340,2225
488,4558609924,2016-04-26,9148,6050,6050,430,2030,3590,12,41,283,2223
489,4558609924,2016-04-27,9557,6320,6320,1960,890,3460,27,14,312,2098
490,4558609924,2016-04-28,9451,6250,6250,20,270,5950,1,11,367,2185
491,4558609924,2016-04-29,7833,5180,5180,1020,1850,2310,15,29,197,1918
492,4558609924,2016-04-30,10319,6820,6820,470,1890,4460,7,29,293,2105
493,4558609924,2016-05-01,3428,2270,2270,0,0,2270,0,0,190,1692
494,4558609924,2016-05-02,7891,5220,5220,0,0,5220,0,0,383,2066
495,4558609924,2016-05-03,5267,3480,3480,600,280,2600,21,10,237,1953
496,4558609924,2016-05-04,5232,3460,3460,0,0,3460,0,0,252,1842
497,4558609924,2016-05-05,10611,7010,7010,1010,500,5510,14,8,370,2262
498,4558609924,2016-05-06,3755,2480,2480,0,0,2480,0,0,202,1722
499,4558609924,2016-05-07,8237,5440,5440,1610,1000,2830,23,16,233,1973
500,4558609924,2016-05-08,6543,4330,4330,1800,500,2020,66,35,238,2666
501,4558609924,2016-05-09,11451,7570,7570,430,1620,5520,6,30,339,2223
502,4558609924,2016-05-10,6435,4250,4250,740,1120,2390,11,18,220,1889
503,4558609924,2016-05-11,9108,6020,6020,260,1820,3940,4,31,324,2131
504,4558609924,2016-05-12,6307,4170,4170,0,0,4170,0,0,247,1452
505,4702921684,2016-04-12,7213,5880,5880,0,0,5850,0,0,263,2947
506,4702921684,2016-04-13,6877,5580,5580,0,0,5580,0,0,258,2898
507,4702921684,2016-04-14,7860,6370,6370,0,0,6370,0,0,271,2984
508,4702921684,2016-04-15,6506,5280,5280,70,420,4790,1,8,256,2896
509,4702921684,2016-04-16,11140,9030,9030,240,1250,7540,3,24,335,3328
510,4702921684,2016-04-17,12692,10290,10290,960,3460,5880,12,66,302,3394
511,4702921684,2016-04-18,9105,7380,7380,1820,1490,4070,22,30,191,3013
512,4702921684,2016-04-19,6708,5440,5440,880,370,4190,10,8,179,2812
513,4702921684,2016-04-20,8793,7130,7130,160,1230,5730,2,29,260,3061
514,4702921684,2016-04-21,6530,5300,5300,310,2050,2940,4,41,144,2729
515,4702921684,2016-04-22,1664,1350,1350,0,0,1350,0,0,72,2241
516,4702921684,2016-04-23,15126,12270,12270,760,3240,8270,9,66,408,3691
517,4702921684,2016-04-24,15050,12220,12220,1200,5120,5880,15,95,281,3538
518,4702921684,2016-04-25,9167,7430,7430,490,820,6110,6,15,270,3064
519,4702921684,2016-04-26,6108,4950,4950,70,350,4540,1,8,216,2784
520,4702921684,2016-04-27,7047,5720,5720,90,800,4780,1,16,238,2908
521,4702921684,2016-04-28,9023,7320,7320,1130,420,5770,14,9,232,3033
522,4702921684,2016-04-29,9930,8050,8050,1060,920,6070,12,19,267,3165
523,4702921684,2016-04-30,10144,8230,8230,320,2030,5880,4,36,263,3115
524,4702921684,2016-05-01,0,0,0,0,0,0,0,0,0,2017
525,4702921684,2016-05-02,7245,5920,5920,380,1740,3760,5,40,195,2859
526,4702921684,2016-05-03,9454,7670,7670,0,0,7670,0,0,313,3145
527,4702921684,2016-05-04,8161,6620,6620,340,730,5540,4,15,251,3004
528,4702921684,2016-05-05,8614,6990,6990,670,220,6090,8,5,241,3006
529,4702921684,2016-05-06,6943,5630,5630,80,660,4870,1,16,207,2859
530,4702921684,2016-05-07,14370,11650,11650,370,2310,8970,5,46,439,3683
531,4702921684,2016-05-08,12857,10430,10430,680,6210,3540,9,125,192,3287
532,4702921684,2016-05-09,8232,6680,6680,0,570,6100,0,12,253,2990
533,4702921684,2016-05-10,10613,8610,8610,80,1880,6650,1,37,262,3172
534,4702921684,2016-05-11,9810,7960,7960,780,2160,4980,10,41,235,3069
535,4702921684,2016-05-12,2752,2230,2230,0,0,2230,0,0,68,1240
536,5553957443,2016-04-12,11596,7570,7570,1370,790,5410,19,13,277,2026
537,5553957443,2016-04-13,4832,3160,3160,0,0,3160,0,0,226,1718
538,5553957443,2016-04-14,17022,11120,11120,4000,2450,4670,61,41,256,2324
539,5553957443,2016-04-15,16556,10860,10860,4160,1980,4710,58,38,239,2254
540,5553957443,2016-04-16,5771,3770,3770,0,0,3770,0,0,288,1831
541,5553957443,2016-04-17,655,430,430,0,0,430,0,0,46,1397
542,5553957443,2016-04-18,3727,2430,2430,0,0,2430,0,0,206,1683
543,5553957443,2016-04-19,15482,10110,10110,4280,1660,4180,69,28,249,2284
544,5553957443,2016-04-20,2713,1770,1770,0,0,1770,0,0,148,1570
545,5553957443,2016-04-21,12346,8060,8060,2950,2160,2960,47,42,177,2066
546,5553957443,2016-04-22,11682,7630,7630,1380,630,5600,25,16,270,2105
547,5553957443,2016-04-23,4112,2690,2690,0,0,2680,0,0,272,1776
548,5553957443,2016-04-24,1807,1180,1180,0,0,1180,0,0,104,1507
549,5553957443,2016-04-25,10946,7190,7190,2930,570,3690,51,11,201,2033
550,5553957443,2016-04-26,11886,7760,7760,2370,930,4460,40,18,238,2093
551,5553957443,2016-04-27,10538,6880,6880,1140,1000,4740,16,16,206,1922
552,5553957443,2016-04-28,11393,7630,7630,3710,750,3170,49,13,165,1999
553,5553957443,2016-04-29,12764,8330,8330,2790,640,4910,46,15,270,2169
554,5553957443,2016-04-30,1202,780,780,0,0,780,0,0,84,1463
555,5553957443,2016-05-01,5164,3370,3370,0,0,3370,0,0,237,1747
556,5553957443,2016-05-02,9769,6380,6380,1060,410,4900,23,9,227,1996
557,5553957443,2016-05-03,12848,8390,8390,1500,1200,5680,26,29,247,2116
558,5553957443,2016-05-04,4249,2770,2770,0,0,2770,0,0,224,1698
559,5553957443,2016-05-05,14331,9510,9510,3430,1660,4430,44,29,241,2156
560,5553957443,2016-05-06,9632,6290,6290,1520,540,4230,21,9,229,1916
561,5553957443,2016-05-07,1868,1220,1220,0,0,1220,0,0,96,1494
562,5553957443,2016-05-08,6083,4000,4000,220,470,3300,3,8,210,1762
563,5553957443,2016-05-09,11611,7580,7580,2130,890,4560,59,22,251,2272
564,5553957443,2016-05-10,16358,10710,10710,3870,1610,5200,61,40,265,2335
565,5553957443,2016-05-11,4926,3220,3220,0,0,3220,0,0,195,1693
566,5553957443,2016-05-12,3121,2040,2040,580,400,1060,8,6,48,741
567,5577150313,2016-04-12,8135,6080,6080,3600,380,2100,86,16,140,3405
568,5577150313,2016-04-13,5077,3790,3790,320,220,3250,15,11,144,2551
569,5577150313,2016-04-14,8596,6420,6420,3330,310,2780,118,30,176,4022
570,5577150313,2016-04-15,12087,9080,9080,3920,1600,3560,115,54,199,4005
571,5577150313,2016-04-16,14269,10660,10660,6640,1280,2730,184,56,158,4274
572,5577150313,2016-04-17,12231,9140,9140,5980,830,2320,200,37,159,4552
573,5577150313,2016-04-18,9893,7390,7390,4860,720,1820,114,32,130,3625
574,5577150313,2016-04-19,12574,9420,9420,7020,640,1760,108,23,111,3501
575,5577150313,2016-04-20,8330,6220,6220,4120,340,1760,87,16,113,3192
576,5577150313,2016-04-21,10830,8090,8090,3650,1660,2780,110,74,175,4018
577,5577150313,2016-04-22,9172,6850,6850,2420,790,3300,62,30,200,3329
578,5577150313,2016-04-23,7638,5710,5710,1210,360,4140,24,24,223,3152
579,5577150313,2016-04-24,15764,11780,11780,7650,2150,1980,210,65,141,4392
580,5577150313,2016-04-25,6393,4780,4780,1350,670,2760,61,38,214,3374
581,5577150313,2016-04-26,5325,3980,3980,850,650,2470,38,32,181,3088
582,5577150313,2016-04-27,6805,5140,5140,1810,400,2930,63,16,190,3294
583,5577150313,2016-04-28,9841,7430,7430,3250,1170,3010,99,51,141,3580
584,5577150313,2016-04-29,7924,5920,5920,2840,610,2470,97,36,165,3544
585,5577150313,2016-04-30,12363,9240,9240,5830,790,2610,207,45,163,4501
586,5577150313,2016-05-01,13368,9990,9990,5310,1440,3240,194,72,178,4546
587,5577150313,2016-05-02,7439,5560,5560,1120,350,4070,37,20,235,3014
588,5577150313,2016-05-03,11045,8250,8250,4520,150,3570,97,8,212,3795
589,5577150313,2016-05-04,5206,3890,3890,1560,250,2080,25,9,141,2755
590,5577150313,2016-05-05,7550,5640,5640,2500,470,2670,45,21,143,3004
591,5577150313,2016-05-06,4950,3700,3700,1930,320,1450,41,16,79,2643
592,5577150313,2016-05-07,0,0,0,0,0,0,0,0,0,1819
593,5577150313,2016-05-08,0,0,0,0,0,0,0,0,0,1819
594,5577150313,2016-05-09,3421,2560,2560,1430,140,990,34,11,70,2489
595,5577150313,2016-05-10,8869,6650,6650,2560,750,3350,104,37,194,3841
596,5577150313,2016-05-11,4038,3040,3040,1830,300,890,45,15,63,1665
597,6117666160,2016-04-12,0,0,0,0,0,0,0,0,0,1496
598,6117666160,2016-04-13,0,0,0,0,0,0,0,0,0,1496
599,6117666160,2016-04-14,0,0,0,0,0,0,0,0,0,1496
600,6117666160,2016-04-15,14019,10590,10590,0,280,10300,0,6,513,2865
601,6117666160,2016-04-16,14450,10910,10910,580,850,9480,7,15,518,2828
602,6117666160,2016-04-17,7150,5400,5400,0,0,5400,0,0,312,2225
603,6117666160,2016-04-18,5153,3910,3910,0,0,3890,0,0,241,2018
604,6117666160,2016-04-19,11135,8410,8410,0,0,8410,0,0,480,2606
605,6117666160,2016-04-20,10449,8020,8020,2030,480,5520,26,10,349,2536
606,6117666160,2016-04-21,19542,15010,15010,980,400,5620,11,19,294,4900
607,6117666160,2016-04-22,8206,6200,6200,0,0,6200,0,0,402,2409
608,6117666160,2016-04-23,11495,8680,8680,0,0,8680,0,0,512,2651
609,6117666160,2016-04-24,7623,5760,5760,0,0,5760,0,0,362,2305
610,6117666160,2016-04-25,0,0,0,0,0,0,0,0,0,1497
611,6117666160,2016-04-26,9543,7210,7210,0,340,6870,0,7,352,2450
612,6117666160,2016-04-27,9411,7110,7110,0,0,7110,0,0,458,2576
613,6117666160,2016-04-28,3403,2600,2600,0,0,2600,0,0,141,1879
614,6117666160,2016-04-29,9592,7240,7240,0,0,7240,0,0,461,2560
615,6117666160,2016-04-30,6987,5280,5280,0,0,5280,0,0,343,2275
616,6117666160,2016-05-01,8915,6730,6730,0,0,6730,0,0,397,2361
617,6117666160,2016-05-02,4933,3730,3730,0,0,3730,0,0,236,2044
618,6117666160,2016-05-03,0,0,0,0,0,0,0,0,0,1496
619,6117666160,2016-05-04,2997,2260,2260,0,0,2260,0,0,156,1902
620,6117666160,2016-05-05,9799,7400,7400,0,0,7400,0,0,487,2636
621,6117666160,2016-05-06,3365,2680,2680,0,0,2680,0,0,133,1838
622,6117666160,2016-05-07,7336,5540,5540,0,0,5540,0,0,412,2469
623,6117666160,2016-05-08,7328,5530,5530,0,0,5530,0,0,318,2250
624,6117666160,2016-05-09,4477,3380,3380,0,0,3380,0,0,197,1248
625,6290855005,2016-04-12,4562,3450,3450,0,0,3450,0,0,199,2560
626,6290855005,2016-04-13,7142,5400,5400,0,0,5390,0,0,350,2905
627,6290855005,2016-04-14,7671,5800,5800,0,0,5770,0,0,363,2952
628,6290855005,2016-04-15,9501,7180,7180,0,0,7170,0,0,328,2896
629,6290855005,2016-04-16,8301,6280,6280,0,0,6270,0,0,258,2783
630,6290855005,2016-04-17,7851,5940,5940,1140,790,4000,31,12,225,3171
631,6290855005,2016-04-18,6885,5210,5210,0,0,5190,0,0,271,2766
632,6290855005,2016-04-19,7142,5400,5400,0,0,5390,0,0,321,2839
633,6290855005,2016-04-20,6361,4810,4810,0,0,4800,0,0,258,2701
634,6290855005,2016-04-21,0,0,0,0,0,0,0,0,0,2060
635,6290855005,2016-04-22,6238,4720,4720,0,0,4720,0,0,302,2796
636,6290855005,2016-04-23,0,0,0,0,0,0,33,0,0,2664
637,6290855005,2016-04-24,5896,4460,4460,0,0,4460,0,0,258,2703
638,6290855005,2016-04-25,7802,5900,5900,680,180,5030,8,3,249,2771
639,6290855005,2016-04-26,0,0,0,0,0,0,0,0,0,2060
640,6290855005,2016-04-27,5565,4210,4210,0,0,4180,0,0,287,2743
641,6290855005,2016-04-28,5731,4330,4330,0,0,4330,0,0,255,2687
642,6290855005,2016-04-29,0,0,0,0,0,0,0,0,0,2060
643,6290855005,2016-04-30,6744,5100,5100,0,0,5090,0,0,324,2843
644,6290855005,2016-05-01,9837,7440,7440,660,2750,4000,8,95,282,3327
645,6290855005,2016-05-02,6781,5130,5130,0,0,5110,0,0,268,2725
646,6290855005,2016-05-03,6047,4570,4570,0,0,4570,0,0,240,2671
647,6290855005,2016-05-04,5832,4410,4410,0,0,4400,0,0,272,2718
648,6290855005,2016-05-05,6339,4790,4790,0,0,4790,0,0,239,2682
649,6290855005,2016-05-06,6116,4620,4620,0,0,4590,0,0,305,2806
650,6290855005,2016-05-07,5510,4170,4170,0,0,4160,0,0,227,2613
651,6290855005,2016-05-08,7706,5830,5830,0,0,5820,0,0,251,2712
652,6290855005,2016-05-09,6277,4750,4750,0,0,4730,0,0,264,2175
653,6290855005,2016-05-10,0,0,0,0,0,0,0,0,0,0
654,6775888955,2016-04-12,0,0,0,0,0,0,0,0,0,1841
655,6775888955,2016-04-13,4053,2910,2910,1110,580,1220,17,18,85,2400
656,6775888955,2016-04-14,5162,3700,3700,870,860,1970,14,24,105,2507
657,6775888955,2016-04-15,1282,920,920,0,0,920,0,0,58,2127
658,6775888955,2016-04-16,4732,3390,3390,2520,810,60,36,18,9,2225
659,6775888955,2016-04-17,2497,1790,1790,350,1130,310,5,24,19,2067
660,6775888955,2016-04-18,8294,5950,5950,2000,770,3170,30,31,146,2798
661,6775888955,2016-04-19,0,0,0,0,0,0,0,0,0,1841
662,6775888955,2016-04-20,10771,7720,7720,3770,1740,2220,70,113,178,3727
663,6775888955,2016-04-21,0,0,0,0,0,0,0,0,0,1841
664,6775888955,2016-04-22,637,460,460,0,0,460,0,0,20,1922
665,6775888955,2016-04-23,0,0,0,0,0,0,0,0,0,1841
666,6775888955,2016-04-24,2153,1540,1540,770,620,150,11,18,11,2053
667,6775888955,2016-04-25,6474,4640,4640,2270,460,1900,33,13,92,2484
668,6775888955,2016-04-26,7091,5270,5270,3480,870,730,42,30,47,2584
669,6775888955,2016-04-27,0,0,0,0,0,0,0,0,0,1841
670,6775888955,2016-04-28,703,500,500,60,200,240,2,13,15,1993
671,6775888955,2016-04-29,0,0,0,0,0,0,0,0,0,1841
672,6775888955,2016-04-30,2503,1790,1790,160,160,1480,3,9,84,2280
673,6775888955,2016-05-01,2487,1780,1780,480,620,680,9,34,50,2319
674,6775888955,2016-05-02,0,0,0,0,0,0,0,0,0,1841
675,6775888955,2016-05-03,9,10,10,0,0,10,0,0,1,1843
676,6775888955,2016-05-04,0,0,0,0,0,0,0,0,0,1841
677,6775888955,2016-05-05,0,0,0,0,0,0,0,0,0,1841
678,6775888955,2016-05-06,4697,3370,3370,470,930,1930,12,35,75,2496
679,6775888955,2016-05-07,1967,1410,1410,130,240,1050,2,5,49,1032
680,6962181067,2016-04-12,10199,6740,6740,3400,830,2510,50,14,189,1994
681,6962181067,2016-04-13,5652,3740,3740,570,1210,1960,8,24,142,1718
682,6962181067,2016-04-14,1551,1030,1030,0,0,1030,0,0,86,1466
683,6962181067,2016-04-15,5563,3680,3680,0,0,3680,0,0,217,1756
684,6962181067,2016-04-16,13217,8740,8740,3660,190,4880,50,3,280,2173
685,6962181067,2016-04-17,10145,6710,6710,330,680,5690,5,13,295,2027
686,6962181067,2016-04-18,11404,7540,7540,830,2390,4320,13,42,238,2039
687,6962181067,2016-04-19,10742,7100,7100,2100,2130,2870,35,41,195,2046
688,6962181067,2016-04-20,13928,9550,9550,4280,190,5090,48,4,297,2174
689,6962181067,2016-04-21,11835,9710,7880,3990,2100,3510,53,27,214,2179
690,6962181067,2016-04-22,10725,7090,7090,1770,1550,3770,30,33,240,2086
691,6962181067,2016-04-23,20031,13240,13240,4200,2000,7040,58,41,347,2571
692,6962181067,2016-04-24,5029,3320,3320,0,0,3320,0,0,199,1705
693,6962181067,2016-04-25,13239,9270,9080,3020,1680,4460,35,31,282,2194
694,6962181067,2016-04-26,10433,6900,6900,2580,420,3900,36,7,254,2012
695,6962181067,2016-04-27,10320,6820,6820,550,2020,4250,7,38,279,2034
696,6962181067,2016-04-28,12627,8350,8350,2510,240,5590,38,8,288,2182
697,6962181067,2016-04-29,10762,7110,7110,820,480,5810,12,15,369,2254
698,6962181067,2016-04-30,10081,6660,6660,2240,760,3670,32,16,237,2002
699,6962181067,2016-05-01,5454,3610,3610,0,0,3610,0,0,215,1740
700,6962181067,2016-05-02,12912,8540,8540,1200,2000,5340,18,39,313,2162
701,6962181067,2016-05-03,12109,8120,8120,1740,2040,4330,21,36,267,2072
702,6962181067,2016-05-04,10147,6710,6710,470,1680,4550,15,36,284,2086
703,6962181067,2016-05-05,10524,6960,6960,990,1160,4810,14,22,305,2066
704,6962181067,2016-05-06,5908,3910,3910,0,0,3910,0,0,299,1850
705,6962181067,2016-05-07,6815,4500,4500,0,0,4500,0,0,328,1947
706,6962181067,2016-05-08,4188,2770,2770,0,520,2250,0,14,151,1659
707,6962181067,2016-05-09,12342,8720,8680,3900,1180,3650,43,21,231,2105
708,6962181067,2016-05-10,15448,10210,10210,3470,1750,4990,62,34,275,2361
709,6962181067,2016-05-11,6722,4440,4440,1490,310,2650,24,7,199,1855
710,6962181067,2016-05-12,3587,2370,2370,0,250,2110,0,8,105,928
711,7007744171,2016-04-12,14172,10290,9480,4500,380,5410,53,8,355,2937
712,7007744171,2016-04-13,12862,9650,8600,4610,560,4480,56,22,261,2742
713,7007744171,2016-04-14,11179,8240,7480,2950,340,4960,34,6,304,2668
714,7007744171,2016-04-15,5273,3530,3530,0,0,3530,0,0,202,2098
715,7007744171,2016-04-16,4631,3100,3100,0,0,3100,0,0,203,2076
716,7007744171,2016-04-17,8059,5390,5390,0,0,5390,0,0,305,2383
717,7007744171,2016-04-18,14816,10980,9910,3790,2120,5050,48,31,284,2832
718,7007744171,2016-04-19,14194,10480,9500,4410,760,5310,53,17,304,2812
719,7007744171,2016-04-20,15566,11310,10410,4790,670,5860,60,33,347,3096
720,7007744171,2016-04-21,13744,9190,9190,2150,1870,5170,30,34,327,2763
721,7007744171,2016-04-22,15299,10240,10240,4100,1760,4370,64,50,261,2889
722,7007744171,2016-04-23,8093,5410,5410,130,1130,4150,2,25,223,2284
723,7007744171,2016-04-24,11085,7420,7420,0,0,7420,0,0,419,2667
724,7007744171,2016-04-25,18229,13340,12200,4310,1370,7670,51,24,379,3055
725,7007744171,2016-04-26,15090,10100,10100,930,940,8230,16,22,424,2939
726,7007744171,2016-04-27,13541,10220,9060,4270,660,5290,50,12,337,2830
727,7007744171,2016-04-28,15128,10120,10120,1090,770,8260,16,16,401,2836
728,7007744171,2016-04-29,20067,14300,13420,4310,2050,7950,55,42,382,3180
729,7007744171,2016-04-30,3761,2520,2520,0,0,2520,0,0,200,2051
730,7007744171,2016-05-01,5600,3750,3750,0,0,3750,0,0,237,2225
731,7007744171,2016-05-02,13041,9180,8720,4640,700,3830,64,14,250,2642
732,7007744171,2016-05-03,14510,10870,9710,4480,1020,5360,58,31,330,2976
733,7007744171,2016-05-04,0,0,0,0,0,0,0,0,0,1557
734,7007744171,2016-05-05,15010,11100,10040,4330,1290,5480,53,23,317,2933
735,7007744171,2016-05-06,11459,7670,7670,3000,810,3860,44,13,247,2553
736,7007744171,2016-05-07,0,0,0,0,0,0,0,0,0,120
737,7086361926,2016-04-12,11317,8410,8410,5270,150,2970,59,6,153,2772
738,7086361926,2016-04-13,5813,3620,3620,560,210,2840,31,26,155,2516
739,7086361926,2016-04-14,9123,6120,6120,2030,330,3660,35,32,189,2734
740,7086361926,2016-04-15,8585,5670,5670,2040,1110,2530,30,21,139,2395
741,7086361926,2016-04-16,31,10,10,0,0,10,0,0,3,1635
742,7086361926,2016-04-17,0,0,0,0,0,0,0,0,0,1629
743,7086361926,2016-04-18,9827,6710,6710,3170,1220,2310,61,51,114,2743
744,7086361926,2016-04-19,10688,7290,7290,3530,1230,2510,67,69,124,2944
745,7086361926,2016-04-20,14365,10640,10640,7640,450,2540,87,13,145,2997
746,7086361926,2016-04-21,9469,6180,6180,1360,300,4510,19,6,206,2463
747,7086361926,2016-04-22,9753,6530,6530,2870,970,2670,58,59,153,2846
748,7086361926,2016-04-23,2817,1810,1810,0,0,1800,0,0,90,1965
749,7086361926,2016-04-24,3520,2160,2160,0,0,2150,0,0,125,2049
750,7086361926,2016-04-25,10091,6820,6820,3750,700,2370,69,39,129,2752
751,7086361926,2016-04-26,10387,7070,7070,4160,770,2120,70,33,132,2781
752,7086361926,2016-04-27,11107,8340,8340,5630,180,2530,55,6,145,2693
753,7086361926,2016-04-28,11584,7800,7800,2790,1640,3360,54,48,161,2862
754,7086361926,2016-04-29,7881,4950,4950,490,450,4000,24,36,182,2616
755,7086361926,2016-04-30,14560,9410,9410,3120,1040,5240,42,17,308,2995
756,7086361926,2016-05-01,12390,8070,8070,2300,900,4850,30,15,258,2730
757,7086361926,2016-05-02,10052,6810,6810,3480,660,2660,66,26,139,2754
758,7086361926,2016-05-03,10288,6760,6760,2740,850,3160,57,36,152,2754
759,7086361926,2016-05-04,10988,8310,8310,5280,120,2900,45,12,135,2655
760,7086361926,2016-05-05,8564,5600,5600,1780,830,2950,24,14,149,2386
761,7086361926,2016-05-06,12461,8380,8380,3820,1430,3120,84,35,154,2924
762,7086361926,2016-05-07,12827,8480,8480,1460,2330,4680,20,42,209,2739
763,7086361926,2016-05-08,10677,7100,7100,2310,1530,3250,32,27,147,2534
764,7086361926,2016-05-09,13566,9110,9110,4260,1710,3120,67,50,171,2960
765,7086361926,2016-05-10,14433,10790,10790,7110,1200,2450,72,23,106,2800
766,7086361926,2016-05-11,9572,6520,6520,2890,1390,2230,57,40,128,2735
767,7086361926,2016-05-12,3789,2560,2560,380,270,1890,5,4,58,1199
768,8053475328,2016-04-12,18060,14120,14120,11640,390,2100,116,8,123,3186
769,8053475328,2016-04-13,16433,13350,13350,10430,470,2450,95,12,156,3140
770,8053475328,2016-04-14,20159,15970,15970,12340,210,3360,119,5,193,3411
771,8053475328,2016-04-15,20669,16240,16240,13260,390,2590,132,8,158,3410
772,8053475328,2016-04-16,14549,11110,11110,9360,270,1490,96,6,83,2867
773,8053475328,2016-04-17,18827,13690,13690,9240,800,3640,111,21,195,3213
774,8053475328,2016-04-18,17076,12660,12660,9080,230,3350,102,6,195,3133
775,8053475328,2016-04-19,15929,12480,12480,9220,310,2950,90,7,191,3114
776,8053475328,2016-04-20,15108,12190,12190,9580,230,2380,89,5,158,3043
777,8053475328,2016-04-21,16057,12510,12510,9670,250,2580,100,6,170,3103
778,8053475328,2016-04-22,10520,8290,8290,6260,150,1880,60,3,117,2655
779,8053475328,2016-04-23,22359,17190,17190,12540,630,4020,125,14,223,3554
780,8053475328,2016-04-24,22988,17950,17950,13130,1550,3260,129,33,182,3577
781,8053475328,2016-04-25,20500,15690,15690,11370,460,3860,118,9,209,3403
782,8053475328,2016-04-26,12685,9620,9620,6310,200,3100,68,5,185,2846
783,8053475328,2016-04-27,12422,9820,9820,6460,430,2930,60,10,183,2852
784,8053475328,2016-04-28,15447,12400,12400,9670,390,2350,90,9,153,3062
785,8053475328,2016-04-29,12315,9650,9650,6170,310,3170,58,8,159,2794
786,8053475328,2016-04-30,7135,5590,5590,2990,60,2540,27,1,131,2408
787,8053475328,2016-05-01,1170,850,850,0,0,850,0,0,51,1886
788,8053475328,2016-05-02,1969,1430,1430,0,0,1430,0,0,95,1988
789,8053475328,2016-05-03,15484,11900,11900,8390,930,2590,87,22,165,3023
790,8053475328,2016-05-04,14581,11150,11150,8820,400,1910,89,8,123,2918
791,8053475328,2016-05-05,14990,11510,11510,8850,450,2210,93,9,130,2950
792,8053475328,2016-05-06,13953,11000,11000,9100,690,1210,90,15,90,2859
793,8053475328,2016-05-07,19769,15670,15670,12440,880,2350,121,20,148,3331
794,8053475328,2016-05-08,22026,17650,17650,13400,590,3660,125,14,228,3589
795,8053475328,2016-05-09,12465,9380,9380,6120,570,2690,66,12,148,2765
796,8053475328,2016-05-10,14810,11360,11360,9090,420,1850,96,10,115,2926
797,8053475328,2016-05-11,12209,9400,9400,6080,280,3040,60,7,184,2809
798,8053475328,2016-05-12,4998,3910,3910,2950,200,760,28,4,39,1505
799,8253242879,2016-04-12,9033,7160,7160,5430,140,1590,40,2,154,2044
800,8253242879,2016-04-13,8053,6100,6100,4170,630,1310,35,11,96,1935
801,8253242879,2016-04-14,5234,3460,3460,1930,990,540,29,16,33,1705
802,8253242879,2016-04-15,2672,1770,1770,0,0,1760,0,0,105,1632
803,8253242879,2016-04-16,9256,6140,6140,430,3270,2450,6,51,115,1880
804,8253242879,2016-04-17,10204,7910,7910,5430,150,2330,41,5,157,2112
805,8253242879,2016-04-18,5151,3480,3480,1040,630,1800,16,16,130,1829
806,8253242879,2016-04-19,4212,2780,2780,0,0,2780,0,0,164,1763
807,8253242879,2016-04-20,6466,4270,4270,330,820,3110,5,18,216,1931
808,8253242879,2016-04-21,11268,8560,8560,5880,930,1750,49,20,172,2218
809,8253242879,2016-04-22,2824,1870,1870,0,0,1870,0,0,120,1651
810,8253242879,2016-04-23,9282,6260,6260,2090,1040,3130,30,26,191,2132
811,8253242879,2016-04-24,8905,7130,7130,5600,190,1340,41,4,82,1976
812,8253242879,2016-04-25,6829,4510,4510,360,2390,1770,7,54,118,1909
813,8253242879,2016-04-26,4562,3040,3040,1180,490,1370,19,14,108,1813
814,8253242879,2016-04-27,10232,8180,8180,6240,230,1700,45,5,104,2008
815,8253242879,2016-04-28,2718,1800,1800,670,780,340,11,16,20,1580
816,8253242879,2016-04-29,6260,4260,4260,1290,540,2400,16,14,136,1854
817,8253242879,2016-04-30,0,0,0,0,0,0,0,0,0,0
818,8378563200,2016-04-12,7626,6050,6050,830,710,4500,65,15,156,3635
819,8378563200,2016-04-13,12386,9820,9820,4960,650,4210,116,14,169,4079
820,8378563200,2016-04-14,13318,10560,10560,5620,1030,3910,123,21,174,4163
821,8378563200,2016-04-15,14461,11470,11470,4910,1150,5410,60,23,190,3666
822,8378563200,2016-04-16,11207,8890,8890,5370,1070,2440,64,21,142,3363
823,8378563200,2016-04-17,2132,1690,1690,0,0,1690,0,0,93,2572
824,8378563200,2016-04-18,13630,10810,10810,5050,560,5200,117,10,174,4157
825,8378563200,2016-04-19,13070,10360,10360,5300,880,4180,120,19,154,4092
826,8378563200,2016-04-20,9388,7440,7440,2230,440,4780,82,8,169,3787
827,8378563200,2016-04-21,15148,12010,12010,6900,820,4290,137,16,145,4236
828,8378563200,2016-04-22,12200,9670,9670,4910,590,4180,113,12,159,4044
829,8378563200,2016-04-23,5709,4530,4530,1520,520,2480,19,10,136,2908
830,8378563200,2016-04-24,3703,2940,2940,0,0,2940,0,0,135,2741
831,8378563200,2016-04-25,12405,9840,9840,5050,870,3920,117,16,141,4005
832,8378563200,2016-04-26,16208,12850,12850,7510,920,4420,90,18,161,3763
833,8378563200,2016-04-27,7359,5840,5840,330,180,5330,4,4,192,3061
834,8378563200,2016-04-28,5417,4300,4300,900,490,2910,11,10,139,2884
835,8378563200,2016-04-29,6175,4900,4900,250,360,4270,3,7,172,2982
836,8378563200,2016-04-30,2946,2340,2340,0,0,2340,0,0,121,2660
837,8378563200,2016-05-01,11419,9060,9060,6030,560,2470,71,10,127,3369
838,8378563200,2016-05-02,6064,4810,4810,630,170,4010,63,4,142,3491
839,8378563200,2016-05-03,8712,6910,6910,1340,1060,4500,71,20,195,3784
840,8378563200,2016-05-04,7875,6240,6240,1560,490,4200,19,10,167,3110
841,8378563200,2016-05-05,8567,6790,6790,890,160,5740,66,3,214,3783
842,8378563200,2016-05-06,7045,5590,5590,1550,250,3780,74,5,166,3644
843,8378563200,2016-05-07,4468,3540,3540,0,0,3540,0,0,158,2799
844,8378563200,2016-05-08,2943,2330,2330,0,0,2330,0,0,139,2685
845,8378563200,2016-05-09,8382,6650,6650,1270,660,4720,71,13,171,3721
846,8378563200,2016-05-10,6582,5220,5220,660,640,3920,63,13,152,3586
847,8378563200,2016-05-11,9143,7250,7250,1390,590,5270,72,10,184,3788
848,8378563200,2016-05-12,4561,3620,3620,650,270,2690,8,6,102,1976
849,8583815059,2016-04-12,5014,3910,3910,0,330,3580,0,7,196,2650
850,8583815059,2016-04-13,5571,4350,4350,150,970,3230,2,23,163,2654
851,8583815059,2016-04-14,3135,2450,2450,0,0,2430,0,0,134,2443
852,8583815059,2016-04-15,3430,2680,2680,0,0,900,0,0,65,2505
853,8583815059,2016-04-16,5319,4150,4150,0,0,0,0,0,0,2693
854,8583815059,2016-04-17,3008,2350,2350,0,0,0,0,0,0,2439
855,8583815059,2016-04-18,3864,3010,3010,310,1060,1350,4,22,105,2536
856,8583815059,2016-04-19,5697,4440,4440,530,480,3440,7,10,166,2668
857,8583815059,2016-04-20,5273,4110,4110,0,1040,3070,0,27,167,2647
858,8583815059,2016-04-21,8538,6660,6660,2630,1020,3010,35,18,158,2883
859,8583815059,2016-04-22,8687,6780,6780,290,2410,4080,4,54,212,2944
860,8583815059,2016-04-23,9423,7350,7350,530,2030,4750,7,44,238,3012
861,8583815059,2016-04-24,8286,6460,6460,150,2050,4270,2,44,206,2889
862,8583815059,2016-04-25,4503,3510,3510,1470,240,1810,18,6,122,2547
863,8583815059,2016-04-26,10499,8190,8190,70,4220,3890,1,91,214,3093
864,8583815059,2016-04-27,12474,9730,9730,6600,270,2870,77,5,129,3142
865,8583815059,2016-04-28,6174,4820,4820,0,1200,3610,0,28,203,2757
866,8583815059,2016-04-29,15168,11830,11830,3900,3000,4920,46,67,258,3513
867,8583815059,2016-04-30,10085,7870,7870,150,1280,6430,2,28,317,3164
868,8583815059,2016-05-01,4512,3520,3520,780,120,2040,10,2,117,2596
869,8583815059,2016-05-02,8469,6610,6610,0,0,0,0,0,0,2894
870,8583815059,2016-05-03,12015,9370,9370,0,0,0,0,0,0,3212
871,8583815059,2016-05-04,3588,2800,2800,0,0,0,0,0,0,2516
872,8583815059,2016-05-05,12427,9690,9690,0,0,1180,0,0,70,3266
873,8583815059,2016-05-06,5843,4560,4560,140,1190,3230,2,22,166,2683
874,8583815059,2016-05-07,6117,4770,4770,0,0,4770,0,0,250,2810
875,8583815059,2016-05-08,9217,7190,7190,220,3310,3660,3,72,182,2940
876,8583815059,2016-05-09,9877,7700,7700,5760,170,1730,66,4,110,2947
877,8583815059,2016-05-10,8240,6430,6430,690,2010,3720,9,43,162,2846
878,8583815059,2016-05-11,8701,6790,6790,370,3240,3170,5,71,177,2804
879,8583815059,2016-05-12,0,0,0,0,0,0,0,0,0,0
880,8792009665,2016-04-12,2564,1640,1640,0,0,1640,0,0,116,2044
881,8792009665,2016-04-13,1320,840,840,0,0,840,0,0,82,1934
882,8792009665,2016-04-14,1219,780,780,0,0,780,0,0,84,1963
883,8792009665,2016-04-15,2483,1590,1590,0,0,1590,0,0,126,2009
884,8792009665,2016-04-16,244,160,160,0,0,160,0,0,12,1721
885,8792009665,2016-04-17,0,0,0,0,0,0,0,0,0,1688
886,8792009665,2016-04-18,0,0,0,0,0,0,0,0,0,1688
887,8792009665,2016-04-19,0,0,0,0,0,0,0,0,0,1688
888,8792009665,2016-04-20,3147,2010,2010,0,280,1740,0,10,139,2188
889,8792009665,2016-04-21,144,90,90,0,0,90,0,0,9,1720
890,8792009665,2016-04-22,4068,2600,2600,50,280,2270,1,20,195,2419
891,8792009665,2016-04-23,5245,3360,3360,160,440,2750,8,45,232,2748
892,8792009665,2016-04-24,400,260,260,40,50,160,3,8,19,1799
893,8792009665,2016-04-25,0,0,0,0,0,0,0,0,0,1688
894,8792009665,2016-04-26,1321,850,850,0,0,850,0,0,80,1928
895,8792009665,2016-04-27,1758,1130,1130,0,0,1130,0,0,112,2067
896,8792009665,2016-04-28,6157,3940,3940,0,0,3940,0,0,310,2780
897,8792009665,2016-04-29,8360,5350,5350,140,280,4930,6,14,380,3101
898,8792009665,2016-04-30,7174,4590,4590,330,360,3910,10,20,301,2896
899,8792009665,2016-05-01,1619,1040,1040,0,0,1040,0,0,79,1962
900,8792009665,2016-05-02,1831,1170,1170,0,0,1170,0,0,101,2015
901,8792009665,2016-05-03,2421,1550,1550,0,0,1550,0,0,156,2297
902,8792009665,2016-05-04,2283,1460,1460,0,0,1460,0,0,129,2067
903,8792009665,2016-05-05,0,0,0,0,0,0,0,0,0,1688
904,8792009665,2016-05-06,0,0,0,0,0,0,0,0,0,1688
905,8792009665,2016-05-07,0,0,0,0,0,0,0,0,0,1688
906,8792009665,2016-05-08,0,0,0,0,0,0,0,0,0,1688
907,8792009665,2016-05-09,0,0,0,0,0,0,0,0,0,1688
908,8792009665,2016-05-10,0,0,0,0,0,0,0,0,0,57
909,8877689391,2016-04-12,23186,20400,20400,12220,340,7820,85,7,312,3921
910,8877689391,2016-04-13,15337,9580,9580,3550,380,5640,108,18,216,3566
911,8877689391,2016-04-14,21129,18980,18980,10550,590,7750,68,13,298,3793
912,8877689391,2016-04-15,13422,7170,7170,50,50,7010,106,1,281,3934
913,8877689391,2016-04-16,29326,25290,25290,13240,1210,10710,94,29,429,4547
914,8877689391,2016-04-17,15118,8870,8870,0,70,8790,58,15,307,3545
915,8877689391,2016-04-18,11423,8670,8670,2440,270,5940,29,5,191,2761
916,8877689391,2016-04-19,18785,17400,17400,12150,180,5030,82,13,214,3676
917,8877689391,2016-04-20,19948,18110,18110,11020,690,6340,73,19,225,3679
918,8877689391,2016-04-21,19377,17620,17620,12290,420,4890,82,13,226,3659
919,8877689391,2016-04-22,18258,16310,16310,10230,30,5970,61,2,236,3427
920,8877689391,2016-04-23,11200,7430,7430,0,0,7400,102,6,300,3891
921,8877689391,2016-04-24,16674,15740,15740,11010,10,4690,64,1,227,3455
922,8877689391,2016-04-25,12986,8740,8740,2370,70,6270,113,8,218,3802
923,8877689391,2016-04-26,11101,8430,8430,1760,130,6500,22,3,258,2860
924,8877689391,2016-04-27,23629,20650,20650,13070,440,7100,93,8,235,3808
925,8877689391,2016-04-28,14890,11300,11300,4930,380,5970,58,8,231,3060
926,8877689391,2016-04-29,9733,7390,7390,1380,170,5790,18,5,210,2698
927,8877689391,2016-04-30,27745,26720,26720,21660,80,4930,124,4,223,4398
928,8877689391,2016-05-01,10930,8320,8320,3130,570,4570,36,12,166,2786
929,8877689391,2016-05-02,4790,3640,3640,0,0,3560,0,0,105,2189
930,8877689391,2016-05-03,10818,8210,8210,1390,100,6670,19,3,229,2817
931,8877689391,2016-05-04,18193,16300,16300,10420,310,5530,66,8,212,3477
932,8877689391,2016-05-05,14055,10670,10670,5460,820,4370,67,15,188,3052
933,8877689391,2016-05-06,21727,19340,19340,12790,290,6160,96,17,232,4015
934,8877689391,2016-05-07,12332,8130,8130,80,960,6990,105,28,271,4142
935,8877689391,2016-05-08,10686,8110,8110,1080,200,6800,17,4,245,2847
936,8877689391,2016-05-09,20226,18250,18250,11100,800,6240,73,19,217,3710
937,8877689391,2016-05-10,10733,8150,8150,1350,460,6280,18,11,224,2832
938,8877689391,2016-05-11,21420,19560,19560,13220,410,5890,88,12,213,3832
939,8877689391,2016-05-12,8064,6120,6120,1820,40,4250,23,1,137,1849
